"{
     int x;
     x = 3 + 4;
}
x = ?",var_q1,1,12,8,7,3,2,
"{
    String x = "hello";
    String y = "world";
    System.out.println(x + y);
}
What will print?",str_q1,1,Hello world,helloworld,hello world,Helloworld,1,
"{
     int x = 7;
     if(x > 4) {
          System.out.print("Hello");
     }
}
Is anything printed?",bool_q1,2,Yes,No,0,
"{
     int x = 5;
     int y = 8;
     int z = y - x;
     System.out.println(z + y);
}
What will print?",var_q2,1,12,20,3,11,3,
"{
     double x = 3.2;
     x = x + 4.8;
     System.out.println(x);
}
What will print?",var_q3,1,8,8.3,9,8.0,3,
"{
     String x = "Good ";
     String y = "Morning!";
     String z = x + y;
     System.out.println(z);
}
What gets printed?",str_q2,2,Good Morning!,GoodMorning!,0,
"{
     double x = 2.1;
     double y = 1.3;
     System.out.println(x * y);
}
What gets printed?",var_q4,1,3,2.84,2.73,2.37,2,
"{
     int x = 6;
     if(x > 3) {
          x = x / 2;
     }
     if(x > 4) {
          x = x * 3;
     }
     System.out.println(x);
}
What gets printed?",bool_q2,1,6,9,3,4,2,
"{
     String x = "I";
     String y = "am";
     String z = "thirsty";
     System.out.println(x + y + z);
}
What gets printed?",str_q3,1,I am thirsty,I am thirsty!,Iamthirsty!,Iamthirsty,3,
"{
     String x = "I";
     String y = "want";
     String z = "juice!";
     System.out.println(x + " " + y + " " + z);
}
What gets printed?",str_q4,1,Iwantjuice!,I want juice!,I want juice,Iwantjuice,1,
"{
     double x = 7;
     if(x > 5.0) {
          x = x/2;
     }
     if(x < 3.0) {
          x = x * 4;
     }
}
x = ?",bool_q3,1,7,3.5,14,10.5,1,
"{
     int x = 4;
     int y = 3;
     int z = 5;
     System.out.println((x * y) - z);
}
What gets printed?",var_q5,1,-8,14,2,7,3,
"{
     String x = "hello";
     String y = "world!";
     System.out.println(x + " " + y);
}
What gets printed?",str_q5,1,hello world!,helloworld,Hello world!,helloworld!,0,
"{
     int x = 6;
     int y = 3;
     if(x/y > 3) {
          System.out.println("A");
     } else {
          System.out.println("B");
     }
}
What gets printed?",bool_q4,2,A,B,1,
"{
     int x = 3;
     int y = 0;
     while(x < 7) {
          y = y + 1;
          x = x + 1;
     }
     System.out.println(y);
}
What gets printed?",bool_q5,1,6,4,3,7,1,
"{
     int x = 4;
     int y = 6;
     int z = 3;
     System.out.println((x * y) / z);
}
What gets printed?",var_q6,1,8,6,3,4,0,
"{
     int x = 7;
     int y = 3;
     int z = 5;
     System.out.println((x + y)/z);
}
What gets printed?",var_q7,1,15,8,5,2,3,
"{
     String x = "wub";
     String y = "dub";
     String z = "ba";
     System.out.println(x + z +y + z + y + "" is that true?");
}
What gets printed?",str_q6,1,Ye,wubdubba is that true?,wubbadubdub is that true?,wubbadubbadub is that true?,3,
"{
     int x = 9;
     int y = 0;
     while(x > 0) {
          y = y + 1;
          x = x - 2;
     }
     System.out.println(y);
}
What gets printed?",bool_q6,1,4,6,5,3,2,
"{
     String x = "I am";
     String y = "excited";
     String z = "for IT!";
     System.out.println(x + y + z);
}
What gets printed?",str_q7,1,I am excited for IT!,IamexcitedforIT!,Iam excited forIT!,I amexcitedfor IT!,3,
"{
     int x = 7;
     if(x < 5) {
          System.out.print("A");
     }
     x = x - 4;
     if(x > 2) {
          System.out.print("B");
     }
     x = x + 3;
     if(x > 5) {
          System.out.print("C");
     }
}
What gets printed?",bool_q7,1,ABC,BC,AC,AB,1,
"{
     int x = 12;
     double y = 2.0;
     System.out.println(y * x);
}
What gets printed?",var_q8,2,24.0,24,0,
"{
     String x = "congrats!";
     String y = "You're almost ";
     String z = "done!";
     System.out.println(x + y + z);
}
What gets printed?",str_q8,1,congrats! You're almost done!,Congrats! You're almost done!,congrats!You're almost done!,Congrats!You're almost done!,2,
"{
     int x = 7;
     while(x > 0) {
          System.out.print(x + "+ ");
          x = x - 2;
     }
}
What gets printed?",bool_q8,1,7+ 5+ 3+ 1,7+ 5+ 3+,7+ 5+ 3+ 1+,7+ 5+ 1+,2,
"This is the final question! It's a little tricky. Take your time!
{
     int x = 3;
     int y = 4;
     String a = "congratulations!";
     String b = "you";
     String c = "did it";
     if(y < x) {
          System.out.print(a + " ");
     }
     y = y - 2;
     if(y < x) {
          System.out.print(b + " ");
     }
     y = y + 1;
     if(x == y) {
          System.out.print(c + "!");
     }
}
What gets printed?",final_question,1,congratulations! you did it!,congratulations! did it!,you did it!,congratulations! you ,2